Bundle_Size,Total_Items,Refunded_Items,Refund_Rate_%
1,24601,1160,4.715255477419618
2,15424,571,3.7020228215767634
