Item_Type,Total_Sold,Refunded,Refund_Rate_%,Refund_Loss_USD
Secondary,7712,194,2.5155601659751037,8308.06
Primary,32313,1537,4.756599511032712,77030.63
